time,Ft
0,0
0.002,-1.04712099416785
0.004,-2.09378268645998
0.006,-3.13952597646567
0.008,-4.18389216661577
0.01,-5.22642316338267
0.012,-6.26666167821521
0.014,-7.30415142812058
0.016,-8.33843733580511
0.018,-9.36906572928623
0.02,-10.395584540888
0.022,-11.4175435055328
0.024,-12.4344943582427
0.026,-13.4459910307633
0.028,-14.4515898472236
0.03,-15.4508497187474
0.032,-16.4433323369292
0.034,-17.4286023660908
0.036,-18.4062276342339
0.038,-19.3757793226052
0.04,-20.33683215379
0.042,-21.2889645782536
0.044,-22.2317589592464
0.046,-23.1648017559931
0.048,-24.0876837050858
0.05,-25
0.052,-25.9013504686565
0.054,-26.7913397489498
0.056,-27.6695774621672
0.058,-28.5356783842216
0.06,-29.3892626146237
0.062,-30.2299557431188
0.064,-31.0573890139155
0.066,-31.8711994874345
0.068,-32.6710301995053
0.07,-33.4565303179429
0.0720000000000001,-34.2273552964344
0.0740000000000001,-34.9831670256683
0.0760000000000001,-35.7236339816402
0.0780000000000001,-36.4484313710706
0.0800000000000001,-37.1572412738697
0.0820000000000001,-37.8497527825878
0.0840000000000001,-38.5256621387895
0.0860000000000001,-39.184672866292
0.0880000000000001,-39.8264959012098
0.0900000000000001,-40.4508497187474
0.0920000000000001,-41.0574604566852
0.0940000000000001,-41.646062035505
0.0960000000000001,-42.2163962751008
0.0980000000000001,-42.7682130080253
0.1,-43.3012701892219
0.102,-43.8153340021932
0.104,-44.3101789615607
0.106,-44.7855880119707
0.108,-45.241352623301
0.11,-45.6772728821301
0.112,-46.093157579425
0.114,-46.4888242944126
0.116,-46.8640994745946
0.118,-47.2188185118741
0.12,-47.5528258147577
0.122,-47.8659748766034
0.124,-48.1581283398829
0.126,-48.4291580564316
0.128,-48.678945143658
0.13,-48.9073800366903
0.132,-49.1143625364344
0.134,-49.2998018535253
0.136,-49.4636166481494
0.138,-49.6057350657239
0.14,-49.7260947684137
0.142,-49.8246429624752
0.144,-49.9013364214136
0.146,-49.9561415049429
0.148,-49.9890341737423
0.15,-50
0.152,-49.9890341737423
0.154,-49.9561415049429
0.156,-49.9013364214136
0.158,-49.8246429624752
0.16,-49.7260947684137
0.162,-49.6057350657239
0.164,-49.4636166481494
0.166,-49.2998018535252
0.168,-49.1143625364344
0.17,-48.9073800366903
0.172,-48.678945143658
0.174,-48.4291580564315
0.176,-48.1581283398829
0.178,-47.8659748766034
0.18,-47.5528258147577
0.182,-47.218818511874
0.184,-46.8640994745946
0.186,-46.4888242944126
0.188,-46.093157579425
0.19,-45.67727288213
0.192,-45.241352623301
0.194,-44.7855880119706
0.196,-44.3101789615607
0.198,-43.8153340021932
0.2,-43.3012701892219
0.202,-42.7682130080253
0.204,-42.2163962751007
0.206,-41.6460620355049
0.208,-41.0574604566852
0.21,-40.4508497187473
0.212,-39.8264959012098
0.214,-39.1846728662919
0.216,-38.5256621387894
0.218,-37.8497527825878
0.22,-37.1572412738697
0.222,-36.4484313710705
0.224,-35.7236339816401
0.226,-34.9831670256682
0.228,-34.2273552964344
0.23,-33.4565303179429
0.232,-32.6710301995052
0.234,-31.8711994874344
0.236,-31.0573890139155
0.238,-30.2299557431187
0.24,-29.3892626146236
0.242,-28.5356783842215
0.244,-27.6695774621671
0.246,-26.7913397489498
0.248,-25.9013504686564
0.25,-24.9999999999999
0.252,-24.0876837050857
0.254,-23.164801755993
0.256,-22.2317589592463
0.258,-21.2889645782536
0.26,-20.3368321537899
0.262,-19.3757793226051
0.264,-18.4062276342338
0.266,-17.4286023660907
0.268,-16.4433323369291
0.27,-15.4508497187473
0.272,-14.4515898472235
0.274,-13.4459910307632
0.276,-12.4344943582427
0.278,-11.4175435055327
0.28,-10.3955845408879
0.282,-9.36906572928616
0.284,-8.33843733580504
0.286,-7.30415142812051
0.288,-6.26666167821514
0.29,-5.2264231633826
0.292,-4.1838921666157
0.294,-3.13952597646559
0.296,-2.0937826864599
0.298,-1.04712099416777
0.3,8.26946079742758e-14
0.302,1.04712099416793
0.304,2.09378268646007
0.306,3.13952597646576
0.308,4.18389216661586
0.31,5.22642316338276
0.312,6.2666616782153
0.314,7.30415142812067
0.316,8.33843733580521
0.318,9.36906572928633
0.32,10.3955845408881
0.322,11.4175435055329
0.324,12.4344943582428
0.326,13.4459910307634
0.328,14.4515898472237
0.33,15.4508497187475
0.332,16.4433323369293
0.334,17.4286023660909
0.336,18.406227634234
0.338,19.3757793226053
0.34,20.3368321537901
0.342,21.2889645782537
0.344,22.2317589592465
0.346,23.1648017559932
0.348,24.0876837050858
0.35,25.0000000000001
0.352,25.9013504686566
0.354,26.7913397489499
0.356,27.6695774621673
0.358,28.5356783842217
0.36,29.3892626146237
0.362,30.2299557431188
0.364,31.0573890139156
0.366,31.8711994874346
0.368,32.6710301995054
0.37,33.456530317943
0.372,34.2273552964345
0.374,34.9831670256684
0.376,35.7236339816402
0.378,36.4484313710707
0.38,37.1572412738698
0.382,37.8497527825879
0.384,38.5256621387895
0.386,39.1846728662921
0.388,39.8264959012099
0.39,40.4508497187474
0.392,41.0574604566853
0.394,41.646062035505
0.396,42.2163962751008
0.398,42.7682130080254
0.4,43.301270189222
0.402,43.8153340021932
0.404,44.3101789615608
0.406,44.7855880119707
0.408,45.241352623301
0.41,45.6772728821301
0.412,46.0931575794251
0.414,46.4888242944126
0.416,46.8640994745946
0.418,47.2188185118741
0.42,47.5528258147577
0.422,47.8659748766034
0.424,48.1581283398829
0.426,48.4291580564316
0.428,48.678945143658
0.43,48.9073800366903
0.432,49.1143625364345
0.434,49.2998018535253
0.436,49.4636166481494
0.438,49.6057350657239
0.44,49.7260947684137
0.442,49.8246429624752
0.444,49.9013364214136
0.446,49.9561415049429
0.448,49.9890341737423
0.45,50
0.452,49.9890341737423
0.454,49.9561415049429
0.456,49.9013364214136
0.458,49.8246429624752
0.46,49.7260947684137
0.462,49.6057350657239
0.464,49.4636166481494
0.466,49.2998018535252
0.468,49.1143625364344
0.47,48.9073800366902
0.472,48.678945143658
0.474,48.4291580564315
0.476,48.1581283398829
0.478,47.8659748766033
0.48,47.5528258147576
0.482,47.218818511874
0.484,46.8640994745945
0.486,46.4888242944125
0.488,46.093157579425
0.49,45.67727288213
0.492,45.2413526233009
0.494,44.7855880119706
0.496,44.3101789615607
0.498,43.8153340021931
0.5,43.3012701892219
0.502,42.7682130080253
0.504,42.2163962751007
0.506,41.6460620355049
0.508,41.0574604566851
0.51,40.4508497187473
0.512,39.8264959012097
0.514,39.1846728662919
0.516,38.5256621387894
0.518,37.8497527825877
0.52,37.1572412738696
0.522,36.4484313710705
0.524,35.7236339816401
0.526,34.9831670256682
0.528,34.2273552964343
0.53,33.4565303179428
0.532,32.6710301995052
0.534,31.8711994874344
0.536,31.0573890139154
0.538,30.2299557431186
0.54,29.3892626146235
0.542,28.5356783842215
0.544,27.6695774621671
0.546,26.7913397489497
0.548,25.9013504686564
0.55,24.9999999999999
0.552,24.0876837050856
0.554,23.164801755993
0.556,22.2317589592462
0.558,21.2889645782535
0.56,20.3368321537899
0.562,19.375779322605
0.564,18.4062276342338
0.566,17.4286023660906
0.568,16.443332336929
0.57,15.4508497187472
0.572,14.4515898472234
0.574,13.4459910307631
0.576,12.4344943582426
0.578,11.4175435055326
0.58,10.3955845408878
0.582,9.36906572928606
0.584,8.33843733580496
0.586,7.3041514281204
0.588,6.26666167821506
0.59,5.22642316338249
0.592,4.18389216661561
0.594,3.13952597646549
0.596,2.09378268645982
0.598,1.04712099416766
0.6,-1.65389215948552e-13
0.602,-1.04712099416804
0.604,-2.09378268646015
0.606,-3.13952597646586
0.608,-4.18389216661595
0.61,-5.22642316338287
0.612,-6.26666167821539
0.614,-7.30415142812078
0.616,-8.33843733580529
0.618,-9.36906572928643
0.62,-10.3955845408881
0.622,-11.417543505533
0.624,-12.4344943582429
0.626,-13.4459910307634
0.628,-14.4515898472238
0.63,-15.4508497187475
0.632,-16.4433323369293
0.634,-17.4286023660909
0.636,-18.4062276342341
0.638,-19.3757793226053
0.64,-20.3368321537902
0.642,-21.2889645782538
0.644,-22.2317589592466
0.646,-23.1648017559932
0.648,-24.0876837050859
0.65,-25.0000000000002
0.652,-25.9013504686567
0.654,-26.79133974895
0.656,-27.6695774621674
0.658,-28.5356783842217
0.66,-29.3892626146238
0.662,-30.2299557431189
0.664,-31.0573890139157
0.666,-31.8711994874346
0.668,-32.6710301995054
0.67,-33.4565303179431
0.672,-34.2273552964346
0.674,-34.9831670256684
0.676,-35.7236339816403
0.678,-36.4484313710707
0.68,-37.1572412738699
0.682,-37.849752782588
0.684,-38.5256621387896
0.686,-39.1846728662921
0.688000000000001,-39.82649590121
0.690000000000001,-40.4508497187475
0.692000000000001,-41.0574604566853
0.694000000000001,-41.6460620355051
0.696000000000001,-42.2163962751009
0.698000000000001,-42.7682130080254
0.700000000000001,-43.301270189222
0.702000000000001,-43.8153340021933
0.704000000000001,-44.3101789615608
0.706000000000001,-44.7855880119707
0.708000000000001,-45.2413526233011
0.710000000000001,-45.6772728821301
0.712000000000001,-46.0931575794251
0.714000000000001,-46.4888242944127
0.716000000000001,-46.8640994745946
0.718000000000001,-47.2188185118741
0.720000000000001,-47.5528258147577
0.722000000000001,-47.8659748766034
0.724000000000001,-48.158128339883
0.726000000000001,-48.4291580564316
0.728000000000001,-48.6789451436581
0.730000000000001,-48.9073800366903
0.732000000000001,-49.1143625364345
0.734000000000001,-49.2998018535253
0.736000000000001,-49.4636166481494
0.738000000000001,-49.6057350657239
0.740000000000001,-49.7260947684137
0.742000000000001,-49.8246429624752
0.744000000000001,-49.9013364214136
0.746000000000001,-49.9561415049429
0.748000000000001,-49.9890341737423
0.750000000000001,-50
0.752000000000001,-49.9890341737423
0.754000000000001,-49.9561415049429
0.756000000000001,-49.9013364214136
0.758000000000001,-49.8246429624752
0.760000000000001,-49.7260947684136
0.762000000000001,-49.6057350657239
0.764000000000001,-49.4636166481494
0.766000000000001,-49.2998018535252
0.768000000000001,-49.1143625364344
0.770000000000001,-48.9073800366902
0.772000000000001,-48.678945143658
0.774000000000001,-48.4291580564315
0.776000000000001,-48.1581283398829
0.778000000000001,-47.8659748766033
0.780000000000001,-47.5528258147576
0.782000000000001,-47.218818511874
0.784000000000001,-46.8640994745945
0.786000000000001,-46.4888242944125
0.788000000000001,-46.0931575794249
0.790000000000001,-45.6772728821299
0.792000000000001,-45.2413526233009
0.794000000000001,-44.7855880119705
0.796000000000001,-44.3101789615606
0.798000000000001,-43.815334002193
0.800000000000001,-43.3012701892218
0.802000000000001,-42.7682130080252
0.804000000000001,-42.2163962751006
0.806000000000001,-41.6460620355048
0.808000000000001,-41.0574604566851
0.810000000000001,-40.4508497187472
0.812000000000001,-39.8264959012096
0.814000000000001,-39.1846728662918
0.816000000000001,-38.5256621387893
0.818000000000001,-37.8497527825877
0.820000000000001,-37.1572412738695
0.822000000000001,-36.4484313710704
0.824000000000001,-35.72363398164
0.826000000000001,-34.9831670256681
0.828000000000001,-34.2273552964342
0.830000000000001,-33.4565303179427
0.832000000000001,-32.6710301995051
0.834000000000001,-31.8711994874343
0.836000000000001,-31.0573890139153
0.838000000000001,-30.2299557431186
0.840000000000001,-29.3892626146235
0.842000000000001,-28.5356783842214
0.844000000000001,-27.669577462167
0.846000000000001,-26.7913397489496
0.848000000000001,-25.9013504686563
0.850000000000001,-24.9999999999998
0.852000000000001,-24.0876837050855
0.854000000000001,-23.1648017559929
0.856000000000001,-22.2317589592461
0.858000000000001,-21.2889645782534
0.860000000000001,-20.3368321537897
0.862000000000001,-19.3757793226049
0.864000000000001,-18.4062276342336
0.866000000000001,-17.4286023660905
0.868000000000001,-16.4433323369289
0.870000000000001,-15.4508497187471
0.872000000000001,-14.4515898472233
0.874000000000001,-13.445991030763
0.876000000000001,-12.4344943582424
0.878000000000001,-11.4175435055325
0.880000000000001,-10.3955845408877
0.882000000000001,-9.36906572928594
0.884000000000001,-8.33843733580479
0.886000000000001,-7.30415142812032
0.888000000000001,-6.26666167821493
0.890000000000001,-5.22642316338237
0.892000000000001,-4.18389216661553
0.894000000000001,-3.1395259764654
0.896000000000001,-2.09378268645969
0.898000000000001,-1.04712099416753
0.900000000000001,2.48083823922827e-13
0.902000000000001,1.04712099416812
0.904000000000001,2.09378268646028
0.906000000000001,3.13952597646599
0.908000000000001,4.18389216661603
0.910000000000001,5.22642316338295
0.912000000000001,6.26666167821551
0.914000000000001,7.3041514281209
0.916000000000001,8.33843733580537
0.918000000000001,9.36906572928651
0.920000000000001,10.3955845408883
0.922000000000001,11.4175435055331
0.924000000000001,12.434494358243
0.926000000000001,13.4459910307636
0.928000000000001,14.4515898472239
0.930000000000001,15.4508497187477
0.932000000000001,16.4433323369294
0.934000000000001,17.428602366091
0.936000000000001,18.4062276342342
0.938000000000001,19.3757793226055
0.940000000000001,20.3368321537903
0.942000000000001,21.2889645782539
0.944000000000001,22.2317589592467
0.946000000000001,23.1648017559934
0.948000000000001,24.087683705086
0.950000000000001,25.0000000000003
0.952000000000001,25.9013504686568
0.954000000000001,26.7913397489501
0.956000000000001,27.6695774621674
0.958000000000001,28.5356783842218
0.960000000000001,29.3892626146239
0.962000000000001,30.229955743119
0.964000000000001,31.0573890139157
0.966000000000001,31.8711994874347
0.968000000000001,32.6710301995055
0.970000000000001,33.4565303179431
0.972000000000001,34.2273552964347
0.974000000000001,34.9831670256685
0.976000000000001,35.7236339816404
0.978000000000001,36.4484313710708
0.980000000000001,37.1572412738699
0.982000000000001,37.849752782588
0.984000000000001,38.5256621387897
0.986000000000001,39.1846728662922
0.988000000000001,39.82649590121
0.990000000000001,40.4508497187476
0.992000000000001,41.0574604566854
0.994000000000001,41.6460620355051
0.996000000000001,42.2163962751009
0.998000000000001,42.7682130080255
1,43.3012701892221
1.002,43.8153340021933
1.004,44.3101789615608
1.006,44.7855880119708
1.008,45.2413526233011
1.01,45.6772728821302
1.012,46.0931575794251
1.014,46.4888242944127
1.016,46.8640994745947
1.018,47.2188185118742
1.02,47.5528258147578
1.022,47.8659748766034
1.024,48.158128339883
1.026,48.4291580564316
1.028,48.6789451436581
1.03,48.9073800366903
1.032,49.1143625364345
1.034,49.2998018535253
1.036,49.4636166481495
1.038,49.6057350657239
1.04,49.7260947684137
1.042,49.8246429624752
1.044,49.9013364214136
1.046,49.9561415049429
1.048,49.9890341737423
1.05,50
1.052,49.9890341737423
1.054,49.9561415049429
1.056,49.9013364214136
1.058,49.8246429624752
1.06,49.7260947684136
1.062,49.6057350657239
1.064,49.4636166481494
1.066,49.2998018535252
1.068,49.1143625364344
1.07,48.9073800366902
1.072,48.6789451436579
1.074,48.4291580564315
1.076,48.1581283398828
1.078,47.8659748766033
1.08,47.5528258147576
1.082,47.218818511874
1.084,46.8640994745945
1.086,46.4888242944125
1.088,46.0931575794249
1.09,45.6772728821299
1.092,45.2413526233008
1.094,44.7855880119705
1.096,44.3101789615606
1.098,43.815334002193
1.1,43.3012701892218
1.102,42.7682130080252
1.104,42.2163962751006
1.106,41.6460620355048
1.108,41.057460456685
1.11,40.4508497187472
1.112,39.8264959012096
1.114,39.1846728662918
1.116,38.5256621387893
1.118,37.8497527825876
1.12,37.1572412738695
1.122,36.4484313710704
1.124,35.7236339816399
1.126,34.983167025668
1.128,34.2273552964342
1.13,33.4565303179427
1.132,32.671030199505
1.134,31.8711994874342
1.136,31.0573890139153
1.138,30.2299557431185
1.14,29.3892626146234
1.142,28.5356783842213
1.144,27.669577462167
1.146,26.7913397489496
1.148,25.9013504686562
1.15,24.9999999999997
1.152,24.0876837050855
1.154,23.1648017559928
1.156,22.2317589592461
1.158,21.2889645782533
1.16,20.3368321537897
1.162,19.3757793226048
1.164,18.4062276342336
1.166,17.4286023660904
1.168,16.4433323369289
1.17,15.4508497187471
1.172,14.4515898472232
1.174,13.4459910307629
1.176,12.4344943582424
1.178,11.4175435055325
1.18,10.3955845408876
1.182,9.36906572928594
1.184,8.3384373358048
1.186,7.30415142812024
1.188,6.26666167821485
1.19,5.22642316338237
1.192,4.18389216661545
1.194,3.13952597646532
1.196,2.09378268645961
1.198,1.04712099416754
1.2,-3.30778431897103e-13
1.202,-1.0471209941682
1.204,-2.09378268646036
1.206,-3.13952597646598
1.208,-4.18389216661611
1.21,-5.22642316338303
1.212,-6.26666167821559
1.214,-7.3041514281209
1.216,-8.33843733580545
1.218,-9.36906572928659
1.22,-10.3955845408883
1.222,-11.4175435055331
1.224,-12.4344943582431
1.226,-13.4459910307636
1.228,-14.451589847224
1.23,-15.4508497187477
1.232,-16.4433323369295
1.234,-17.4286023660911
1.236,-18.4062276342343
1.238,-19.3757793226055
1.24,-20.3368321537903
1.242,-21.288964578254
1.244,-22.2317589592467
1.246,-23.1648017559934
1.248,-24.0876837050861
1.25,-25.0000000000003
1.252,-25.9013504686568
1.254,-26.7913397489501
1.256,-27.6695774621675
1.258,-28.5356783842219
1.26,-29.3892626146239
1.262,-30.229955743119
1.264,-31.0573890139158
1.266,-31.8711994874348
1.268,-32.6710301995055
1.27,-33.4565303179432
1.272,-34.2273552964347
1.274,-34.9831670256686
1.276,-35.7236339816404
1.278,-36.4484313710708
1.28,-37.15724127387
1.282,-37.8497527825881
1.284,-38.5256621387897
1.286,-39.1846728662922
1.288,-39.8264959012101
1.29,-40.4508497187476
1.292,-41.0574604566854
1.294,-41.6460620355052
1.296,-42.216396275101
1.298,-42.7682130080256
1.3,-43.3012701892221
1.302,-43.8153340021934
1.304,-44.3101789615609
1.306,-44.7855880119708
1.308,-45.2413526233011
1.31,-45.6772728821302
1.312,-46.0931575794252
1.314,-46.4888242944127
1.316,-46.8640994745947
1.318,-47.2188185118742
1.32,-47.5528258147578
1.322,-47.8659748766035
1.324,-48.158128339883
1.326,-48.4291580564317
1.328,-48.6789451436581
1.33,-48.9073800366904
1.332,-49.1143625364345
1.334,-49.2998018535253
1.336,-49.4636166481495
1.338,-49.6057350657239
1.34,-49.7260947684137
1.342,-49.8246429624753
1.344,-49.9013364214136
1.346,-49.9561415049429
1.348,-49.9890341737423
1.35,-50
1.352,-49.9890341737423
1.354,-49.9561415049429
1.356,-49.9013364214136
1.358,-49.8246429624752
1.36,-49.7260947684136
1.362,-49.6057350657238
1.364,-49.4636166481494
1.366,-49.2998018535252
1.368,-49.1143625364343
1.37,-48.9073800366902
1.372,-48.6789451436579
1.374,-48.4291580564314
1.376,-48.1581283398828
1.378,-47.8659748766033
1.38,-47.5528258147575
1.382,-47.2188185118739
1.384,-46.8640994745944
1.386,-46.4888242944124
1.388,-46.0931575794249
1.39,-45.6772728821299
1.392,-45.2413526233008
1.394,-44.7855880119705
1.396,-44.3101789615605
1.398,-43.815334002193
1.4,-43.3012701892217
1.402,-42.7682130080251
1.404,-42.2163962751005
1.406,-41.6460620355047
1.408,-41.057460456685
1.41,-40.4508497187471
1.412,-39.8264959012095
1.414,-39.1846728662917
1.416,-38.5256621387892
1.418,-37.8497527825876
1.42,-37.1572412738694
1.422,-36.4484313710703
1.424,-35.7236339816399
1.426,-34.983167025668
1.428,-34.2273552964341
1.43,-33.4565303179426
1.432,-32.671030199505
1.434,-31.8711994874342
1.436,-31.0573890139152
1.438,-30.2299557431184
1.44,-29.3892626146233
1.442,-28.5356783842212
1.444,-27.6695774621668
1.446,-26.7913397489495
1.448,-25.9013504686562
1.45,-24.9999999999996
1.452,-24.0876837050854
1.454,-23.1648017559927
1.456,-22.231758959246
1.458,-21.2889645782532
1.46,-20.3368321537896
1.462,-19.3757793226048
1.464,-18.4062276342335
1.466,-17.4286023660903
1.468,-16.4433323369287
1.47,-15.450849718747
1.472,-14.4515898472232
1.474,-13.4459910307628
1.476,-12.4344943582423
1.478,-11.4175435055324
1.48,-10.3955845408875
1.482,-9.36906572928577
1.484,-8.33843733580463
1.486,-7.30415142812016
1.488,-6.26666167821477
1.49,-5.2264231633822
1.492,-4.18389216661528
1.494,-3.13952597646524
1.496,-2.09378268645953
1.498,-1.04712099416737
1.5,5.02290881841391e-13
1.502,1.04712099416829
1.504,2.09378268646044
1.506,3.13952597646615
1.508,4.18389216661628
1.51,5.22642316338311
1.512,6.26666167821567
1.514,7.30415142812107
1.516,8.33843733580553
1.518,9.36906572928667
1.52,10.3955845408884
1.522,11.4175435055333
1.524,12.4344943582432
1.526,13.4459910307637
1.528,14.451589847224
1.53,15.4508497187478
1.532,16.4433323369297
1.534,17.4286023660912
1.536,18.4062276342343
1.538,19.3757793226056
1.54,20.3368321537904
1.542,21.2889645782541
1.544,22.2317589592468
1.546,23.1648017559935
1.548,24.0876837050862
1.55,25.0000000000004
1.552,25.9013504686569
1.554,26.7913397489503
1.556,27.6695774621676
1.558,28.5356783842221
1.56,29.3892626146241
1.562,30.2299557431191
1.564,31.0573890139159
1.566,31.8711994874349
1.568,32.6710301995056
1.57,33.4565303179433
1.572,34.2273552964348
1.574,34.9831670256687
1.576,35.7236339816405
1.578,36.4484313710709
1.58,37.1572412738701
1.582,37.8497527825881
1.584,38.5256621387897
1.586,39.1846728662923
1.588,39.8264959012101
1.59,40.4508497187476
1.592,41.0574604566855
1.594,41.6460620355052
1.596,42.2163962751011
1.598,42.7682130080256
1.6,43.3012701892222
1.602,43.8153340021934
1.604,44.310178961561
1.606,44.7855880119708
1.608,45.2413526233012
1.61,45.6772728821302
1.612,46.0931575794253
1.614,46.4888242944128
1.616,46.8640994745947
1.618,47.2188185118742
1.62,47.5528258147578
1.622,47.8659748766035
1.624,48.1581283398831
1.626,48.4291580564317
1.628,48.6789451436581
1.63,48.9073800366904
1.632,49.1143625364345
1.634,49.2998018535253
1.636,49.4636166481495
1.638,49.6057350657239
1.64,49.7260947684137
1.642,49.8246429624753
1.644,49.9013364214136
1.646,49.9561415049429
1.648,49.9890341737423
1.65,50
1.652,49.9890341737423
1.654,49.9561415049429
1.656,49.9013364214135
1.658,49.8246429624752
1.66,49.7260947684136
1.662,49.6057350657238
1.664,49.4636166481493
1.666,49.2998018535251
1.668,49.1143625364343
1.67,48.9073800366902
1.672,48.6789451436579
1.674,48.4291580564314
1.676,48.1581283398828
1.678,47.8659748766032
1.68,47.5528258147575
1.682,47.2188185118738
1.684,46.8640994745944
1.686,46.4888242944124
1.688,46.0931575794248
1.69,45.6772728821298
1.692,45.2413526233008
1.694,44.7855880119704
1.696,44.3101789615605
1.698,43.8153340021929
1.7,43.3012701892217
1.702,42.7682130080251
1.704,42.2163962751004
1.706,41.6460620355047
1.708,41.0574604566849
1.71,40.450849718747
1.712,39.8264959012095
1.714,39.1846728662917
1.716,38.5256621387891
1.718,37.8497527825875
1.72,37.1572412738693
1.722,36.4484313710702
1.724,35.7236339816398
1.726,34.9831670256678
1.728,34.227355296434
1.73,33.4565303179426
1.732,32.6710301995048
1.734,31.8711994874341
1.736,31.057389013915
1.738,30.2299557431183
1.74,29.3892626146233
1.742,28.5356783842211
1.744,27.6695774621667
1.746,26.7913397489494
1.748,25.901350468656
1.75,24.9999999999995
1.752,24.0876837050852
1.754,23.1648017559926
1.756,22.2317589592459
1.758,21.2889645782531
1.76,20.3368321537895
1.762,19.3757793226047
1.764,18.4062276342333
1.766,17.4286023660903
1.768,16.4433323369285
1.77,15.4508497187468
1.772,14.4515898472231
1.774,13.4459910307627
1.776,12.4344943582422
1.778,11.4175435055323
1.78,10.3955845408874
1.782,9.36906572928569
1.784,8.33843733580463
1.786,7.30415142811999
1.788,6.26666167821468
1.79,5.22642316338203
1.792,4.1838921666152
1.794,3.13952597646516
1.796,2.09378268645936
1.798,1.04712099416729
1.8,-4.96167647845654e-13
1.802,-1.04712099416846
1.804,-2.09378268646052
1.806,-3.13952597646632
1.808,-4.18389216661636
1.81,-5.2264231633832
1.812,-6.26666167821585
1.814,-7.30415142812115
1.816,-8.33843733580561
1.818,-9.36906572928684
1.82,-10.3955845408885
1.822,-11.4175435055334
1.824,-12.4344943582433
1.826,-13.4459910307638
1.828,-14.4515898472242
1.83,-15.4508497187479
1.832,-16.4433323369297
1.834,-17.4286023660914
1.836,-18.4062276342344
1.838,-19.3757793226058
1.84,-20.3368321537906
1.842,-21.2889645782541
1.844,-22.231758959247
1.846,-23.1648017559936
1.848,-24.0876837050862
1.85,-25.0000000000006
1.852,-25.901350468657
1.854,-26.7913397489503
1.856,-27.6695774621677
1.858,-28.535678384222
1.86,-29.3892626146242
1.862,-30.2299557431192
1.864,-31.0573890139159
1.866,-31.871199487435
1.868,-32.6710301995057
1.87,-33.4565303179433
1.872,-34.2273552964349
1.874,-34.9831670256687
1.876,-35.7236339816406
1.878,-36.448431371071
1.88,-37.1572412738701
1.882,-37.8497527825883
1.884,-38.5256621387898
1.886,-39.1846728662923
1.888,-39.8264959012102
1.89,-40.4508497187477
1.892,-41.0574604566856
1.894,-41.6460620355053
1.896,-42.2163962751011
1.898,-42.7682130080257
1.9,-43.3012701892222
1.902,-43.8153340021934
1.904,-44.310178961561
1.906,-44.7855880119709
1.908,-45.2413526233013
1.91,-45.6772728821303
1.912,-46.0931575794252
1.914,-46.4888242944128
1.916,-46.8640994745948
1.918,-47.2188185118742
1.92,-47.5528258147579
1.922,-47.8659748766035
1.924,-48.1581283398831
1.926,-48.4291580564317
1.928,-48.6789451436581
1.93,-48.9073800366904
1.932,-49.1143625364346
1.934,-49.2998018535253
1.936,-49.4636166481495
1.938,-49.605735065724
1.94,-49.7260947684137
1.942,-49.8246429624753
1.944,-49.9013364214136
1.946,-49.9561415049429
1.948,-49.9890341737423
1.95,-50
1.952,-49.9890341737423
1.954,-49.9561415049429
1.956,-49.9013364214135
1.958,-49.8246429624752
1.96,-49.7260947684136
1.962,-49.6057350657238
1.964,-49.4636166481493
1.966,-49.2998018535251
1.968,-49.1143625364343
1.97,-48.9073800366901
1.972,-48.6789451436579
1.974,-48.4291580564314
1.976,-48.1581283398827
1.978,-47.8659748766032
1.98,-47.5528258147575
1.982,-47.2188185118739
1.984,-46.8640994745943
1.986,-46.4888242944123
1.988,-46.0931575794248
1.99,-45.6772728821298
1.992,-45.2413526233007
1.994,-44.7855880119704
1.996,-44.3101789615604
1.998,-43.8153340021929
2,-43.3012701892217
2.002,-42.7682130080251
2.004,-42.2163962751006
2.006,-41.6460620355049
2.008,-41.0574604566851
2.01,-40.4508497187473
2.012,-39.8264959012099
2.014,-39.1846728662922
2.016,-38.5256621387897
2.018,-37.8497527825882
2.02,-37.1572412738701
2.022,-36.4484313710711
2.024,-35.7236339816407
2.026,-34.983167025669
2.028,-34.2273552964352
2.03,-33.4565303179438
2.032,-32.6710301995063
2.034,-31.8711994874356
2.036,-31.0573890139167
2.038,-30.22995574312
2.04,-29.3892626146251
2.042,-28.5356783842231
2.044,-27.6695774621688
2.046,-26.7913397489517
2.048,-25.9013504686584
2.05,-25.000000000002
2.052,-24.0876837050879
2.054,-23.1648017559954
2.056,-22.2317589592488
2.05799999999999,-21.2889645782561
2.05999999999999,-20.3368321537928
2.06199999999999,-19.375779322608
2.06399999999999,-18.4062276342368
2.06599999999999,-17.4286023660938
2.06799999999999,-16.4433323369324
2.06999999999999,-15.4508497187507
2.07199999999999,-14.451589847227
2.07399999999999,-13.445991030767
2.07599999999999,-12.4344943582465
2.07799999999999,-11.4175435055366
2.07999999999999,-10.3955845408919
2.08199999999999,-9.36906572929041
2.08399999999999,-8.33843733580937
2.08599999999999,-7.30415142812492
2.08799999999999,-6.2666616782198
2.08999999999999,-5.22642316338734
2.09199999999999,-4.18389216662051
2.09399999999999,-3.13952597647048
2.09599999999999,-2.09378268646504
2.09799999999999,-1.04712099417298
2.09999999999999,-5.19429747223088e-12
2.10199999999999,1.04712099416241
2.10399999999999,2.09378268645448
2.10599999999999,3.13952597646011
2.10799999999999,4.18389216661016
2.10999999999999,5.22642316337683
2.11199999999999,6.26666167820932
2.11399999999999,7.30415142811464
2.11599999999999,8.33843733579895
2.11799999999999,9.36906572928003
2.11999999999999,10.3955845408817
2.12199999999999,11.4175435055265
2.12399999999999,12.4344943582363
2.12599999999999,13.4459910307568
2.12799999999999,14.4515898472171
2.12999999999999,15.4508497187408
2.13199999999999,16.4433323369224
2.13399999999999,17.428602366084
2.13599999999999,18.4062276342272
2.13799999999999,19.3757793225982
2.13999999999999,20.3368321537831
2.14199999999999,21.2889645782467
2.14399999999999,22.2317589592395
2.14599999999999,23.1648017559861
2.14799999999999,24.0876837050788
2.14999999999998,24.999999999993
2.15199999999998,25.9013504686494
2.15399999999998,26.7913397489428
2.15599999999998,27.6695774621602
2.15799999999998,28.5356783842146
2.15999999999998,29.3892626146166
2.16199999999998,30.2299557431117
2.16399999999998,31.0573890139086
2.16599999999998,31.8711994874275
2.16799999999998,32.6710301994983
2.16999999999998,33.456530317936
2.17199999999998,34.2273552964276
2.17399999999998,34.9831670256614
2.17599999999998,35.7236339816334
2.17799999999998,36.4484313710639
2.17999999999998,37.1572412738631
2.18199999999998,37.8497527825813
2.18399999999998,38.525662138783
2.18599999999998,39.1846728662857
2.18799999999998,39.8264959012035
2.18999999999998,40.4508497187412
2.19199999999998,41.0574604566792
2.19399999999998,41.646062035499
2.19599999999998,42.216396275095
2.19799999999998,42.7682130080197
2.19999999999998,43.3012701892165
2.20199999999998,43.8153340021878
2.20399999999998,44.3101789615555
2.20599999999998,44.7855880119656
2.20799999999998,45.2413526232961
2.20999999999998,45.6772728821253
2.21199999999998,46.0931575794205
2.21399999999998,46.4888242944082
2.21599999999998,46.8640994745904
2.21799999999998,47.2188185118701
2.21999999999998,47.5528258147539
2.22199999999998,47.8659748765998
2.22399999999998,48.1581283398796
2.22599999999998,48.4291580564284
2.22799999999998,48.6789451436551
2.22999999999998,48.9073800366876
2.23199999999998,49.114362536432
2.23399999999998,49.2998018535231
2.23599999999998,49.4636166481475
2.23799999999998,49.6057350657222
2.23999999999997,49.7260947684123
2.24199999999997,49.8246429624741
2.24399999999997,49.9013364214127
2.24599999999997,49.9561415049423
2.24799999999997,49.989034173742
2.24999999999997,50
2.25199999999997,49.9890341737426
2.25399999999997,49.9561415049435
2.25599999999997,49.9013364214145
2.25799999999997,49.8246429624764
2.25999999999997,49.7260947684152
2.26199999999997,49.6057350657257
2.26399999999997,49.4636166481516
2.26599999999997,49.2998018535277
2.26799999999997,49.1143625364372
2.26999999999997,48.9073800366934
2.27199999999997,48.6789451436615
2.27399999999997,48.4291580564354
2.27599999999997,48.158128339887
2.27799999999997,47.8659748766078
2.27999999999997,47.5528258147625
2.28199999999997,47.2188185118792
2.28399999999997,46.8640994746001
2.28599999999997,46.4888242944185
2.28799999999997,46.0931575794313
2.28999999999997,45.6772728821366
2.29199999999997,45.2413526233079
2.29399999999997,44.785588011978
2.29599999999997,44.3101789615684
2.29799999999997,43.8153340022012
2.29999999999997,43.3012701892304
2.30199999999997,42.7682130080341
2.30399999999997,42.2163962751099
2.30599999999997,41.6460620355144
2.30799999999997,41.0574604566951
2.30999999999997,40.4508497187576
2.31199999999997,39.8264959012204
2.31399999999997,39.184672866303
2.31599999999997,38.5256621388008
2.31799999999997,37.8497527825995
2.31999999999997,37.1572412738817
2.32199999999997,36.448431371083
2.32399999999997,35.7236339816529
2.32599999999997,34.9831670256813
2.32799999999997,34.2273552964479
2.32999999999996,33.4565303179567
2.33199999999996,32.6710301995194
2.33399999999996,31.8711994874489
2.33599999999996,31.0573890139303
2.33799999999996,30.2299557431339
2.33999999999996,29.3892626146391
2.34199999999996,28.5356783842374
2.34399999999996,27.6695774621833
2.34599999999996,26.7913397489662
2.34799999999996,25.9013504686732
2.34999999999996,25.0000000000171
2.35199999999996,24.0876837051031
2.35399999999996,23.1648017560107
2.35599999999996,22.2317589592642
2.35799999999996,21.2889645782719
2.35999999999996,20.3368321538085
2.36199999999996,19.3757793226239
2.36399999999996,18.406227634253
2.36599999999996,17.4286023661101
2.36799999999996,16.4433323369487
2.36999999999996,15.4508497187671
2.37199999999996,14.4515898472437
2.37399999999996,13.4459910307836
2.37599999999996,12.4344943582632
2.37799999999996,11.4175435055536
2.37999999999996,10.3955845409089
2.38199999999996,9.36906572930734
2.38399999999996,8.33843733582637
2.38599999999996,7.30415142814214
2.38799999999996,6.2666616782369
2.38999999999996,5.22642316340448
2.39199999999996,4.18389216663787
2.39399999999996,3.13952597648786
2.39599999999996,2.09378268648226
2.39799999999996,1.04712099419021
2.39999999999996,2.26087177323491e-11
2.40199999999996,-1.04712099414518
2.40399999999996,-2.09378268643726
2.40599999999996,-3.13952597644273
2.40799999999996,-4.18389216659281
2.40999999999996,-5.22642316335969
2.41199999999996,-6.26666167819222
2.41399999999996,-7.30415142809741
2.41599999999996,-8.33843733578196
2.41799999999996,-9.3690657292631
2.41999999999996,-10.3955845408647
2.42199999999995,-11.4175435055096
2.42399999999995,-12.4344943582196
2.42599999999995,-13.4459910307402
2.42799999999995,-14.4515898472004
2.42999999999995,-15.4508497187243
2.43199999999995,-16.4433323369062
2.43399999999995,-17.4286023660677
2.43599999999995,-18.406227634211
2.43799999999995,-19.3757793225823
2.43999999999995,-20.3368321537674
2.44199999999995,-21.288964578231
2.44399999999995,-22.2317589592239
2.44599999999995,-23.1648017559708
2.44799999999995,-24.0876837050635
2.44999999999995,-24.9999999999779
2.45199999999995,-25.9013504686347
2.45399999999995,-26.7913397489282
2.45599999999995,-27.6695774621457
2.45799999999995,-28.5356783842003
2.45999999999995,-29.3892626146026
2.46199999999995,-30.2299557430979
2.46399999999995,-31.0573890138949
2.46599999999995,-31.8711994874142
2.46799999999995,-32.6710301994853
2.46999999999995,-33.4565303179231
2.47199999999995,-34.2273552964149
2.47399999999995,-34.9831670256491
2.47599999999995,-35.7236339816214
2.47799999999995,-36.448431371052
2.47999999999995,-37.1572412738515
2.48199999999995,-37.84975278257
2.48399999999995,-38.5256621387719
2.48599999999995,-39.1846728662749
2.48799999999995,-39.8264959011931
2.48999999999995,-40.4508497187311
2.49199999999995,-41.0574604566693
2.49399999999995,-41.6460620354895
2.49599999999995,-42.2163962750857
2.49799999999995,-42.7682130080107
2.49999999999995,-43.3012701892078
2.50199999999995,-43.8153340021795
2.50399999999995,-44.3101789615475
2.50599999999995,-44.7855880119579
2.50799999999995,-45.2413526232887
2.50999999999995,-45.6772728821183
2.51199999999994,-46.0931575794137
2.51399999999994,-46.4888242944018
2.51599999999994,-46.8640994745844
2.51799999999994,-47.2188185118644
2.51999999999994,-47.5528258147486
2.52199999999994,-47.8659748765948
2.52399999999994,-48.1581283398749
2.52599999999994,-48.4291580564241
2.52799999999994,-48.6789451436512
2.52999999999994,-48.907380036684
2.53199999999994,-49.1143625364288
2.53399999999994,-49.2998018535202
2.53599999999994,-49.463616648145
2.53799999999994,-49.6057350657201
2.53999999999994,-49.7260947684105
2.54199999999994,-49.8246429624726
2.54399999999994,-49.9013364214116
2.54599999999994,-49.9561415049416
2.54799999999994,-49.9890341737416
2.54999999999994,-50
2.55199999999994,-49.9890341737429
2.55399999999994,-49.9561415049442
2.55599999999994,-49.9013364214156
2.55799999999994,-49.8246429624779
2.55999999999994,-49.726094768417
2.56199999999994,-49.6057350657279
2.56399999999994,-49.4636166481541
2.56599999999994,-49.2998018535306
2.56799999999994,-49.1143625364405
2.56999999999994,-48.907380036697
2.57199999999994,-48.6789451436654
2.57399999999994,-48.4291580564396
2.57599999999994,-48.1581283398917
2.57799999999994,-47.8659748766129
2.57999999999994,-47.5528258147678
2.58199999999994,-47.218818511885
2.58399999999994,-46.8640994746062
2.58599999999994,-46.4888242944248
2.58799999999994,-46.0931575794379
2.58999999999994,-45.6772728821437
2.59199999999994,-45.2413526233153
2.59399999999994,-44.7855880119856
2.59599999999994,-44.3101789615764
2.59799999999994,-43.8153340022096
2.59999999999994,-43.301270189239
2.60199999999994,-42.768213008043
2.60399999999993,-42.2163962751192
2.60599999999993,-41.6460620355241
2.60799999999993,-41.0574604567049
2.60999999999993,-40.4508497187677
2.61199999999993,-39.8264959012309
2.61399999999993,-39.1846728663137
2.61599999999993,-38.5256621388118
2.61799999999993,-37.8497527826108
2.61999999999993,-37.1572412738933
2.62199999999993,-36.4484313710948
2.62399999999993,-35.7236339816649
2.62599999999993,-34.9831670256937
2.62799999999993,-34.2273552964605
2.62999999999993,-33.4565303179695
2.63199999999993,-32.6710301995325
2.63399999999993,-31.8711994874623
2.63599999999993,-31.0573890139439
2.63799999999993,-30.2299557431476
2.63999999999993,-29.3892626146532
2.64199999999993,-28.5356783842516
2.64399999999993,-27.6695774621977
2.64599999999993,-26.7913397489809
2.64799999999993,-25.9013504686881
2.64999999999993,-25.000000000032
2.65199999999993,-24.0876837051182
2.65399999999993,-23.1648017560261
2.65599999999993,-22.2317589592798
2.65799999999993,-21.2889645782875
2.65999999999993,-20.3368321538244
2.66199999999993,-19.3757793226399
2.66399999999993,-18.406227634269
2.66599999999993,-17.4286023661262
2.66799999999993,-16.4433323369651
2.66999999999993,-15.4508497187837
2.67199999999993,-14.4515898472602
2.67399999999993,-13.4459910308003
2.67599999999993,-12.4344943582801
2.67799999999993,-11.4175435055704
2.67999999999993,-10.3955845409258
2.68199999999993,-9.36906572932445
2.68399999999993,-8.33843733584354
2.68599999999993,-7.3041514281592
2.68799999999993,-6.26666167825418
2.68999999999993,-5.2264231634218
2.69199999999993,-4.18389216665504
2.69399999999992,-3.13952597650506
2.69599999999992,-2.09378268649966
2.69799999999992,-1.04712099420762
2.69999999999992,-3.98455023085272e-11
2.70199999999992,1.04712099412795
2.70399999999992,2.09378268641986
2.70599999999992,3.13952597642553
2.70799999999992,4.18389216657563
2.70999999999992,5.22642316334237
2.71199999999992,6.26666167817494
2.71399999999992,7.30415142808036
2.71599999999992,8.33843733576496
2.71799999999992,9.36906572924599
2.71999999999992,10.3955845408478
2.72199999999992,11.4175435054928
2.72399999999992,12.4344943582027
2.72599999999992,13.4459910307234
2.72799999999992,14.4515898471839
2.72999999999992,15.4508497187079
2.73199999999992,16.4433323368897
2.73399999999992,17.4286023660515
2.73599999999992,18.4062276341949
2.73799999999992,19.3757793225663
2.73999999999992,20.3368321537514
2.74199999999992,21.2889645782154
2.74399999999992,22.2317589592084
2.74599999999992,23.1648017559553
2.74799999999992,24.0876837050484
2.74999999999992,24.999999999963
2.75199999999992,25.9013504686198
2.75399999999992,26.7913397489135
2.75599999999992,27.6695774621313
2.75799999999992,28.5356783841861
2.75999999999992,29.3892626145885
2.76199999999992,30.2299557430841
2.76399999999992,31.0573890138814
2.76599999999992,31.8711994874008
2.76799999999992,32.6710301994721
2.76999999999992,33.4565303179103
2.77199999999992,34.2273552964024
2.77399999999992,34.9831670256367
2.77599999999992,35.7236339816092
2.77799999999992,36.4484313710402
2.77999999999992,37.1572412738399
2.78199999999992,37.8497527825586
2.78399999999991,38.525662138761
2.78599999999991,39.1846728662642
2.78799999999991,39.8264959011826
2.78999999999991,40.4508497187209
2.79199999999991,41.0574604566594
2.79399999999991,41.6460620354799
2.79599999999991,42.2163962750764
2.79799999999991,42.7682130080018
2.79999999999991,43.3012701891991
2.80199999999991,43.8153340021711
2.80399999999991,44.3101789615395
2.80599999999991,44.7855880119502
2.80799999999991,45.2413526232813
2.80999999999991,45.6772728821112
2.81199999999991,46.0931575794071
2.81399999999991,46.4888242943955
2.81599999999991,46.8640994745783
2.81799999999991,47.2188185118587
2.81999999999991,47.5528258147432
2.82199999999991,47.8659748765898
2.82399999999991,48.1581283398702
2.82599999999991,48.4291580564198
2.82799999999991,48.6789451436472
2.82999999999991,48.9073800366804
2.83199999999991,49.1143625364255
2.83399999999991,49.2998018535173
2.83599999999991,49.4636166481425
2.83799999999991,49.6057350657179
2.83999999999991,49.7260947684087
2.84199999999991,49.8246429624712
2.84399999999991,49.9013364214105
2.84599999999991,49.9561415049409
2.84799999999991,49.9890341737413
2.84999999999991,50
2.85199999999991,49.9890341737433
2.85399999999991,49.956141504945
2.85599999999991,49.9013364214166
2.85799999999991,49.8246429624793
2.85999999999991,49.7260947684188
2.86199999999991,49.6057350657301
2.86399999999991,49.4636166481566
2.86599999999991,49.2998018535335
2.86799999999991,49.1143625364437
2.86999999999991,48.9073800367006
2.87199999999991,48.6789451436694
2.87399999999991,48.429158056444
2.8759999999999,48.1581283398964
2.8779999999999,47.8659748766178
2.8799999999999,47.5528258147732
2.8819999999999,47.2188185118906
2.8839999999999,46.8640994746122
2.8859999999999,46.4888242944312
2.8879999999999,46.0931575794447
2.8899999999999,45.6772728821507
2.8919999999999,45.2413526233226
2.8939999999999,44.7855880119934
2.8959999999999,44.3101789615845
2.8979999999999,43.8153340022179
2.8999999999999,43.3012701892477
2.9019999999999,42.7682130080521
2.9039999999999,42.2163962751284
2.9059999999999,41.6460620355336
2.9079999999999,41.0574604567148
2.9099999999999,40.4508497187779
2.9119999999999,39.8264959012413
2.9139999999999,39.1846728663245
2.9159999999999,38.5256621388229
2.9179999999999,37.8497527826221
2.9199999999999,37.1572412739049
2.9219999999999,36.4484313711067
2.9239999999999,35.7236339816771
2.9259999999999,34.9831670257061
2.9279999999999,34.2273552964732
2.9299999999999,33.4565303179824
2.9319999999999,32.6710301995456
2.9339999999999,31.8711994874756
2.9359999999999,31.0573890139575
2.9379999999999,30.2299557431615
2.9399999999999,29.3892626146671
2.9419999999999,28.5356783842657
2.9439999999999,27.6695774622122
2.9459999999999,26.7913397489955
2.9479999999999,25.9013504687028
2.9499999999999,25.0000000000471
2.9519999999999,24.0876837051335
2.9539999999999,23.1648017560414
2.9559999999999,22.2317589592953
2.9579999999999,21.2889645783032
2.9599999999999,20.3368321538402
2.9619999999999,19.3757793226558
2.9639999999999,18.4062276342852
2.96599999999989,17.4286023661426
2.96799999999989,16.4433323369814
2.96999999999989,15.4508497188001
2.97199999999989,14.4515898472768
2.97399999999989,13.4459910308169
2.97599999999989,12.4344943582968
2.97799999999989,11.4175435055873
2.97999999999989,10.3955845409428
2.98199999999989,9.36906572934138
2.98399999999989,8.33843733586053
2.98599999999989,7.30415142817642
2.98799999999989,6.26666167827128
2.98999999999989,5.22642316343894
2.99199999999989,4.1838921666724
2.99399999999989,3.13952597652244
2.99599999999989,2.09378268651688
2.99799999999989,1.04712099422485
2.99999999999989,5.72599225686454e-11
3.00199999999989,-1.04712099411054
3.00399999999989,-2.09378268640264
3.00599999999989,-3.13952597640815
3.00799999999989,-4.18389216655828
3.00999999999989,-5.22642316332523
3.01199999999989,-6.26666167815784
3.01399999999989,-7.30415142806313
3.01599999999989,-8.33843733574779
3.01799999999989,-9.36906572922906
3.01999999999989,-10.3955845408308
3.02199999999989,-11.4175435054758
3.02399999999989,-12.434494358186
3.02599999999989,-13.4459910307068
3.02799999999989,-14.4515898471672
3.02999999999989,-15.4508497186913
3.03199999999989,-16.4433323368734
3.03399999999989,-17.4286023660352
3.03599999999989,-18.4062276341787
3.03799999999989,-19.3757793225504
3.03999999999989,-20.3368321537357
3.04199999999989,-21.2889645781996
3.04399999999989,-22.2317589591928
3.04599999999989,-23.1648017559401
3.04799999999989,-24.0876837050331
3.04999999999989,-24.9999999999479
3.05199999999989,-25.901350468605
3.05399999999989,-26.791339748899
3.05599999999989,-27.6695774621168
3.05799999999988,-28.5356783841718
3.05999999999988,-29.3892626145746
3.06199999999988,-30.2299557430704
3.06399999999988,-31.0573890138679
3.06599999999988,-31.8711994873873
3.06799999999988,-32.6710301994589
3.06999999999988,-33.4565303178973
3.07199999999988,-34.2273552963897
3.07399999999988,-34.9831670256244
3.07599999999988,-35.7236339815971
3.07799999999988,-36.4484313710284
3.07999999999988,-37.1572412738282
3.08199999999988,-37.8497527825473
3.08399999999988,-38.5256621387499
3.08599999999988,-39.1846728662534
3.08799999999988,-39.8264959011722
3.08999999999988,-40.4508497187107
3.09199999999988,-41.0574604566496
3.09399999999988,-41.6460620354702
3.09599999999988,-42.2163962750671
3.09799999999988,-42.7682130079927
3.09999999999988,-43.3012701891904
3.10199999999988,-43.8153340021628
3.10399999999988,-44.3101789615315
3.10599999999988,-44.7855880119425
3.10799999999988,-45.2413526232739
3.10999999999988,-45.6772728821041
3.11199999999988,-46.0931575794003
3.11399999999988,-46.4888242943891
3.11599999999988,-46.8640994745723
3.11799999999988,-47.218818511853
3.11999999999988,-47.5528258147379
3.12199999999988,-47.8659748765848
3.12399999999988,-48.1581283398656
3.12599999999988,-48.4291580564155
3.12799999999988,-48.6789451436433
3.12999999999988,-48.9073800366768
3.13199999999988,-49.1143625364223
3.13399999999988,-49.2998018535144
3.13599999999988,-49.4636166481399
3.13799999999988,-49.6057350657157
3.13999999999988,-49.7260947684068
3.14199999999988,-49.8246429624697
3.14399999999988,-49.9013364214095
3.14599999999988,-49.9561415049402
3.14799999999987,-49.9890341737409
3.14999999999987,-50
3.15199999999987,-49.9890341737437
3.15399999999987,-49.9561415049457
3.15599999999987,-49.9013364214177
3.15799999999987,-49.8246429624808
3.15999999999987,-49.7260947684206
3.16199999999987,-49.6057350657322
3.16399999999987,-49.4636166481591
3.16599999999987,-49.2998018535364
3.16799999999987,-49.114362536447
3.16999999999987,-48.9073800367042
3.17199999999987,-48.6789451436733
3.17399999999987,-48.4291580564483
3.17599999999987,-48.158128339901
3.17799999999987,-47.8659748766228
3.17999999999987,-47.5528258147786
3.18199999999987,-47.2188185118964
3.18399999999987,-46.8640994746182
3.18599999999987,-46.4888242944376
3.18799999999987,-46.0931575794514
3.18999999999987,-45.6772728821577
3.19199999999987,-45.24135262333
3.19399999999987,-44.7855880120011
3.19599999999987,-44.3101789615925
3.19799999999987,-43.8153340022263
3.19999999999987,-43.3012701892563
3.20199999999987,-42.768213008061
3.20399999999987,-42.2163962751377
3.20599999999987,-41.6460620355431
3.20799999999987,-41.0574604567248
3.20999999999987,-40.4508497187882
3.21199999999987,-39.8264959012518
3.21399999999987,-39.1846728663352
3.21599999999987,-38.5256621388338
3.21799999999987,-37.8497527826334
3.21999999999987,-37.1572412739164
3.22199999999987,-36.4484313711186
3.22399999999987,-35.7236339816893
3.22599999999987,-34.9831670257185
3.22799999999987,-34.2273552964857
3.22999999999987,-33.4565303179953
3.23199999999987,-32.6710301995586
3.23399999999987,-31.8711994874889
3.23599999999987,-31.0573890139712
3.23799999999986,-30.2299557431753
3.23999999999986,-29.3892626146812
3.24199999999986,-28.53567838428
3.24399999999986,-27.6695774622266
3.24599999999986,-26.79133974901
3.24799999999986,-25.9013504687176
3.24999999999986,-25.0000000000622
3.25199999999986,-24.0876837051487
3.25399999999986,-23.1648017560568
3.25599999999986,-22.2317589593109
3.25799999999986,-21.2889645783188
3.25999999999986,-20.3368321538559
3.26199999999986,-19.3757793226717
3.26399999999986,-18.4062276343014
3.26599999999986,-17.4286023661589
3.26799999999986,-16.4433323369979
3.26999999999986,-15.4508497188166
3.27199999999986,-14.4515898472933
3.27399999999986,-13.4459910308335
3.27599999999986,-12.4344943583134
3.27799999999986,-11.4175435056043
3.27999999999986,-10.3955845409599
3.28199999999986,-9.36906572935848
3.28399999999986,-8.3384373358777
3.28599999999986,-7.30415142819348
3.28799999999986,-6.26666167828838
3.28999999999986,-5.22642316345608
3.29199999999986,-4.18389216668975
3.29399999999986,-3.13952597653982
3.29599999999986,-2.09378268653428
3.29799999999986,-1.04712099424226
3.29999999999986,-7.44967071448236e-11
3.30199999999986,1.0471209940933
3.30399999999986,2.09378268638542
3.30599999999986,3.13952597639077
3.30799999999986,4.18389216654093
3.30999999999986,5.22642316330791
3.31199999999986,6.26666167814056
3.31399999999986,7.30415142804608
3.31599999999986,8.3384373357308
3.31799999999986,9.36906572921213
3.31999999999986,10.3955845408138
3.32199999999986,11.4175435054589
3.32399999999986,12.4344943581691
3.32599999999986,13.44599103069
3.32799999999986,14.4515898471507
3.32999999999985,15.4508497186749
3.33199999999985,16.4433323368572
3.33399999999985,17.4286023660189
3.33599999999985,18.4062276341626
3.33799999999985,19.3757793225343
3.33999999999985,20.3368321537198
3.34199999999985,21.288964578184
3.34399999999985,22.2317589591774
3.34599999999985,23.1648017559248
3.34799999999985,24.0876837050182
3.34999999999985,24.9999999999328
3.35199999999985,25.9013504685901
3.35399999999985,26.7913397488842
3.35599999999985,27.6695774621025
3.35799999999985,28.5356783841577
3.35999999999985,29.3892626145607
3.36199999999985,30.2299557430567
3.36399999999985,31.0573890138541
3.36599999999985,31.8711994873741
3.36799999999985,32.6710301994459
3.36999999999985,33.4565303178845
3.37199999999985,34.2273552963771
3.37399999999985,34.9831670256121
3.37599999999985,35.7236339815851
3.37799999999985,36.4484313710164
3.37999999999985,37.1572412738167
3.38199999999985,37.849752782536
3.38399999999985,38.5256621387389
3.38599999999985,39.1846728662427
3.38799999999985,39.8264959011617
3.38999999999985,40.4508497187006
3.39199999999985,41.0574604566396
3.39399999999985,41.6460620354607
3.39599999999985,42.2163962750578
3.39799999999985,42.7682130079838
3.39999999999985,43.3012701891818
3.40199999999985,43.8153340021545
3.40399999999985,44.3101789615235
3.40599999999985,44.7855880119347
3.40799999999985,45.2413526232666
3.40999999999985,45.6772728820971
3.41199999999985,46.0931575793936
3.41399999999985,46.4888242943827
3.41599999999985,46.8640994745663
3.41799999999985,47.2188185118474
3.41999999999984,47.5528258147325
3.42199999999984,47.8659748765798
3.42399999999984,48.1581283398609
3.42599999999984,48.4291580564112
3.42799999999984,48.6789451436393
3.42999999999984,48.9073800366732
3.43199999999984,49.1143625364191
3.43399999999984,49.2998018535115
3.43599999999984,49.4636166481374
3.43799999999984,49.6057350657135
3.43999999999984,49.726094768405
3.44199999999984,49.8246429624683
3.44399999999984,49.9013364214084
3.44599999999984,49.9561415049395
3.44799999999984,49.9890341737405
3.44999999999984,50
3.45199999999984,49.989034173744
3.45399999999984,49.9561415049464
3.45599999999984,49.9013364214188
3.45799999999984,49.8246429624822
3.45999999999984,49.7260947684224
3.46199999999984,49.6057350657344
3.46399999999984,49.4636166481617
3.46599999999984,49.2998018535393
3.46799999999984,49.1143625364502
3.46999999999984,48.9073800367078
3.47199999999984,48.6789451436773
3.47399999999984,48.4291580564526
3.47599999999984,48.1581283399057
3.47799999999984,47.8659748766279
3.47999999999984,47.5528258147839
3.48199999999984,47.218818511902
3.48399999999984,46.8640994746242
3.48599999999984,46.4888242944439
3.48799999999984,46.0931575794581
3.48999999999984,45.6772728821649
3.49199999999984,45.2413526233375
3.49399999999984,44.7855880120088
3.49599999999984,44.3101789616005
3.49799999999984,43.8153340022346
3.49999999999984,43.3012701892649
3.50199999999984,42.7682130080699
3.50399999999984,42.2163962751471
3.50599999999984,41.6460620355529
3.50799999999984,41.0574604567346
3.50999999999984,40.4508497187983
3.51199999999983,39.8264959012623
3.51399999999983,39.1846728663459
3.51599999999983,38.5256621388448
3.51799999999983,37.8497527826449
3.51999999999983,37.1572412739282
3.52199999999983,36.4484313711304
3.52399999999983,35.7236339817014
3.52599999999983,34.9831670257308
3.52799999999983,34.2273552964983
3.52999999999983,33.4565303180081
3.53199999999983,32.671030199572
3.53399999999983,31.8711994875024
3.53599999999983,31.0573890139847
3.53799999999983,30.2299557431891
3.53999999999983,29.3892626146951
3.54199999999983,28.5356783842942
3.54399999999983,27.6695774622409
3.54599999999983,26.7913397490249
3.54799999999983,25.9013504687326
3.54999999999983,25.0000000000771
3.55199999999983,24.0876837051638
3.55399999999983,23.1648017560721
3.55599999999983,22.2317589593263
3.55799999999983,21.2889645783344
3.55999999999983,20.336832153872
3.56199999999983,19.3757793226879
3.56399999999983,18.4062276343174
3.56599999999983,17.428602366175
3.56799999999983,16.4433323370141
3.56999999999983,15.450849718833
3.57199999999983,14.4515898473098
3.57399999999983,13.4459910308505
3.57599999999983,12.4344943583305
3.57799999999983,11.4175435056211
3.57999999999983,10.3955845409767
3.58199999999983,9.36906572937542
3.58399999999983,8.3384373358947
3.58599999999983,7.30415142821053
3.58799999999983,6.26666167830548
3.58999999999983,5.22642316347358
3.59199999999983,4.18389216670693
3.59399999999983,3.13952597655703
3.59599999999983,2.0937826865515
3.59799999999983,1.0471209942595
3.59999999999983,9.17334917210018e-11
3.60199999999982,-1.04712099407607
3.60399999999982,-2.09378268636784
3.60599999999982,-3.13952597637357
3.60799999999982,-4.18389216652375
3.60999999999982,-5.22642316329077
3.61199999999982,-6.26666167812346
3.61399999999982,-7.30415142802903
3.61599999999982,-8.3384373357138
3.61799999999982,-9.36906572919485
3.61999999999982,-10.3955845407969
3.62199999999982,-11.4175435054421
3.62399999999982,-12.4344943581524
3.62599999999982,-13.4459910306734
3.62799999999982,-14.4515898471342
3.62999999999982,-15.4508497186585
3.63199999999982,-16.4433323368405
3.63399999999982,-17.4286023660027
3.63599999999982,-18.4062276341465
3.63799999999982,-19.3757793225185
3.63999999999982,-20.336832153704
3.64199999999982,-21.2889645781684
3.64399999999982,-22.231758959162
3.64599999999982,-23.1648017559092
3.64799999999982,-24.0876837050028
3.64999999999982,-24.9999999999179
3.65199999999982,-25.9013504685754
3.65399999999982,-26.7913397488697
3.65599999999982,-27.6695774620881
3.65799999999982,-28.5356783841435
3.65999999999982,-29.3892626145464
3.66199999999982,-30.2299557430427
3.66399999999982,-31.0573890138406
3.66599999999982,-31.8711994873608
3.66799999999982,-32.6710301994328
3.66999999999982,-33.4565303178717
3.67199999999982,-34.2273552963646
3.67399999999982,-34.9831670255995
3.67599999999982,-35.7236339815728
3.67799999999982,-36.4484313710046
3.67999999999982,-37.1572412738052
3.68199999999982,-37.8497527825247
3.68399999999982,-38.5256621387279
3.68599999999982,-39.1846728662319
3.68799999999982,-39.8264959011511
3.68999999999982,-40.4508497186903
3.69199999999981,-41.0574604566297
3.69399999999981,-41.6460620354511
3.69599999999981,-42.2163962750486
3.69799999999981,-42.7682130079749
3.69999999999981,-43.3012701891732
3.70199999999981,-43.815334002146
3.70399999999981,-44.3101789615153
3.70599999999981,-44.7855880119271
3.70799999999981,-45.2413526232592
3.70999999999981,-45.6772728820901
3.71199999999981,-46.093157579387
3.71399999999981,-46.4888242943764
3.71599999999981,-46.8640994745602
3.71799999999981,-47.2188185118416
3.71999999999981,-47.5528258147271
3.72199999999981,-47.8659748765748
3.72399999999981,-48.1581283398563
3.72599999999981,-48.4291580564069
3.72799999999981,-48.6789451436354
3.72999999999981,-48.9073800366696
3.73199999999981,-49.1143625364158
3.73399999999981,-49.2998018535086
3.73599999999981,-49.4636166481349
3.73799999999981,-49.6057350657114
3.73999999999981,-49.7260947684032
3.74199999999981,-49.8246429624669
3.74399999999981,-49.9013364214073
3.74599999999981,-49.9561415049387
3.74799999999981,-49.9890341737402
3.74999999999981,-50
3.75199999999981,-49.9890341737444
3.75399999999981,-49.9561415049471
3.75599999999981,-49.9013364214199
3.75799999999981,-49.8246429624837
3.75999999999981,-49.7260947684242
3.76199999999981,-49.6057350657366
3.76399999999981,-49.4636166481642
3.76599999999981,-49.2998018535422
3.76799999999981,-49.1143625364534
3.76999999999981,-48.9073800367114
3.77199999999981,-48.6789451436813
3.77399999999981,-48.4291580564569
3.77599999999981,-48.1581283399104
3.77799999999981,-47.8659748766329
3.77999999999981,-47.5528258147893
3.78199999999981,-47.2188185119077
3.7839999999998,-46.8640994746303
3.7859999999998,-46.4888242944504
3.7879999999998,-46.0931575794649
3.7899999999998,-45.6772728821719
3.7919999999998,-45.2413526233448
3.7939999999998,-44.7855880120165
3.7959999999998,-44.3101789616085
3.7979999999998,-43.8153340022429
3.7999999999998,-43.3012701892737
3.8019999999998,-42.768213008079
3.8039999999998,-42.2163962751563
3.8059999999998,-41.6460620355624
3.8079999999998,-41.0574604567445
3.8099999999998,-40.4508497188084
3.8119999999998,-39.8264959012727
3.8139999999998,-39.1846728663566
3.8159999999998,-38.525662138856
3.8179999999998,-37.8497527826561
3.8199999999998,-37.1572412739397
3.8219999999998,-36.4484313711422
3.8239999999998,-35.7236339817134
3.8259999999998,-34.9831670257431
3.8279999999998,-34.2273552965109
3.8299999999998,-33.4565303180211
3.8319999999998,-32.671030199585
3.8339999999998,-31.8711994875157
3.8359999999998,-31.0573890139982
3.8379999999998,-30.2299557432028
3.8399999999998,-29.3892626147091
3.8419999999998,-28.5356783843083
3.8439999999998,-27.6695774622556
3.8459999999998,-26.7913397490395
3.8479999999998,-25.9013504687474
3.8499999999998,-25.000000000092
3.8519999999998,-24.087683705179
3.8539999999998,-23.1648017560874
3.8559999999998,-22.2317589593417
3.8579999999998,-21.2889645783503
3.8599999999998,-20.3368321538877
3.8619999999998,-19.3757793227038
3.8639999999998,-18.4062276343335
3.8659999999998,-17.4286023661912
3.8679999999998,-16.4433323370304
3.8699999999998,-15.4508497188494
3.8719999999998,-14.4515898473267
3.87399999999979,-13.4459910308671
3.87599999999979,-12.4344943583472
3.87799999999979,-11.4175435056378
3.87999999999979,-10.3955845409936
3.88199999999979,-9.36906572939235
3.88399999999979,-8.33843733591169
3.88599999999979,-7.30415142822793
3.88799999999979,-6.26666167832293
3.88999999999979,-5.22642316349072
3.89199999999979,-4.1838921667241
3.89399999999979,-3.13952597657423
3.89599999999979,-2.09378268656873
3.89799999999979,-1.04712099427673
3.89999999999979,-1.0932554766506e-10
3.90199999999979,1.04712099405848
3.90399999999979,2.09378268635062
3.90599999999979,3.13952597635636
3.90799999999979,4.18389216650657
3.90999999999979,5.22642316327362
3.91199999999979,6.26666167810636
3.91399999999979,7.30415142801163
3.91599999999979,8.33843733569645
3.91799999999979,9.36906572917792
3.91999999999979,10.39558454078
3.92199999999979,11.4175435054253
3.92399999999979,12.4344943581357
3.92599999999979,13.4459910306568
3.92799999999979,14.4515898471174
3.92999999999979,15.4508497186418
3.93199999999979,16.4433323368243
3.93399999999979,17.4286023659866
3.93599999999979,18.4062276341305
3.93799999999979,19.3757793225026
3.93999999999979,20.3368321536883
3.94199999999979,21.2889645781525
3.94399999999979,22.2317589591462
3.94599999999979,23.1648017558939
3.94799999999979,24.0876837049877
3.94999999999979,24.999999999903
3.95199999999979,25.9013504685606
3.95399999999979,26.7913397488551
3.95599999999979,27.6695774620734
3.95799999999979,28.5356783841291
3.95999999999979,29.3892626145325
3.96199999999979,30.2299557430289
3.96399999999979,31.0573890138271
3.96599999999978,31.8711994873475
3.96799999999978,32.6710301994198
3.96999999999978,33.4565303178587
3.97199999999978,34.2273552963517
3.97399999999978,34.9831670255872
3.97599999999978,35.7236339815607
3.97799999999978,36.4484313709928
3.97999999999978,37.1572412737936
3.98199999999978,37.8497527825135
3.98399999999978,38.5256621387167
3.98599999999978,39.184672866221
3.98799999999978,39.8264959011407
3.98999999999978,40.4508497186801
3.99199999999978,41.0574604566199
3.99399999999978,41.6460620354416
3.99599999999978,42.2163962750394
3.99799999999978,42.7682130079658
3.99999999999978,43.3012701891644
4.00199999999978,43.8153340021379
4.00399999999978,44.3101789615075
4.00599999999978,44.7855880119196
4.00799999999978,45.2413526232519
4.00999999999978,45.6772728820831
4.01199999999978,46.0931575793803
4.01399999999978,46.48882429437
4.01599999999978,46.8640994745543
4.01799999999978,47.218818511836
4.01999999999978,47.5528258147219
4.02199999999978,47.8659748765698
4.02399999999978,48.1581283398517
4.02599999999978,48.4291580564026
4.02799999999978,48.6789451436314
4.02999999999978,48.9073800366661
4.03199999999978,49.1143625364126
4.03399999999978,49.2998018535058
4.03599999999978,49.4636166481323
4.03799999999978,49.6057350657092
4.03999999999978,49.7260947684014
4.04199999999978,49.8246429624654
4.04399999999978,49.9013364214062
4.04599999999978,49.956141504938
4.04799999999978,49.9890341737398
4.04999999999978,50
4.05199999999978,49.9890341737447
4.05399999999978,49.9561415049479
4.05599999999978,49.901336421421
4.05799999999978,49.8246429624851
4.05999999999977,49.726094768426
4.06199999999977,49.6057350657387
4.06399999999977,49.4636166481667
4.06599999999977,49.299801853545
4.06799999999977,49.1143625364567
4.06999999999977,48.907380036715
4.07199999999977,48.6789451436851
4.07399999999977,48.4291580564611
4.07599999999977,48.1581283399149
4.07799999999977,47.8659748766379
4.07999999999977,47.5528258147946
4.08199999999977,47.2188185119134
4.08399999999977,46.8640994746363
4.08599999999977,46.4888242944566
4.08799999999977,46.0931575794714
4.08999999999977,45.6772728821788
4.09199999999977,45.2413526233522
4.09399999999977,44.7855880120241
4.09599999999977,44.3101789616165
4.09799999999977,43.8153340022512
4.09999999999977,43.3012701892822
4.10199999999977,42.7682130080878
4.10399999999977,42.2163962751654
4.10599999999977,41.6460620355719
4.10799999999977,41.0574604567543
4.10999999999977,40.4508497188186
4.11199999999977,39.8264959012831
4.11399999999977,39.1846728663673
4.11599999999977,38.5256621388668
4.11799999999977,37.8497527826672
4.11999999999977,37.1572412739512
4.12199999999977,36.448431371154
4.12399999999977,35.7236339817255
4.12599999999977,34.9831670257554
4.12799999999977,34.2273552965234
4.12999999999977,33.4565303180337
4.13199999999977,32.6710301995978
4.13399999999977,31.871199487529
4.13599999999977,31.0573890140117
4.13799999999977,30.2299557432165
4.13999999999977,29.389262614723
4.14199999999977,28.5356783843225
4.14399999999977,27.6695774622696
4.14599999999977,26.7913397490537
4.14799999999977,25.9013504687618
4.14999999999976,25.000000000107
4.15199999999976,24.0876837051941
4.15399999999976,23.1648017561027
4.15599999999976,22.2317589593572
4.15799999999976,21.2889645783656
4.15999999999976,20.3368321539031
4.16199999999976,19.3757793227194
4.16399999999976,18.4062276343495
4.16599999999976,17.4286023662074
4.16799999999976,16.4433323370467
4.16999999999976,15.4508497188658
4.17199999999976,14.4515898473428
4.17399999999976,13.4459910308833
4.17599999999976,12.4344943583635
4.17799999999976,11.4175435056546
4.17999999999976,10.3955845410104
4.18199999999976,9.36906572940928
4.18399999999976,8.33843733592869
4.18599999999976,7.30415142824463
4.18799999999976,6.26666167833968
4.18999999999976,5.22642316350751
4.19199999999976,4.18389216674128
4.19399999999976,3.13952597659143
4.19599999999976,2.09378268658595
4.19799999999976,1.04712099429396
4.19999999999976,1.26207060873358e-10
4.20199999999976,-1.0471209940416
4.20399999999976,-2.09378268633376
4.20599999999976,-3.13952597633916
4.20799999999976,-4.1838921664894
4.20999999999976,-5.22642316325648
4.21199999999976,-6.26666167808926
4.21399999999976,-7.30415142799492
4.21599999999976,-8.33843733567981
4.21799999999976,-9.36906572916133
4.21999999999976,-10.3955845407632
4.22199999999976,-11.4175435054085
4.22399999999976,-12.4344943581191
4.22599999999976,-13.4459910306402
4.22799999999976,-14.4515898471012
4.22999999999976,-15.4508497186257
4.23199999999976,-16.4433323368083
4.23399999999976,-17.4286023659704
4.23599999999976,-18.4062276341145
4.23799999999976,-19.3757793224867
4.23999999999976,-20.3368321536725
4.24199999999975,-21.2889645781372
4.24399999999975,-22.2317589591311
4.24599999999975,-23.164801755879
4.24799999999975,-24.0876837049726
4.24999999999975,-24.9999999998881
4.25199999999975,-25.9013504685459
4.25399999999975,-26.7913397488406
4.25599999999975,-27.6695774620594
4.25799999999975,-28.5356783841152
4.25999999999975,-29.3892626145188
4.26199999999975,-30.2299557430152
4.26399999999975,-31.0573890138136
4.26599999999975,-31.8711994873342
4.26799999999975,-32.6710301994067
4.26999999999975,-33.4565303178461
4.27199999999975,-34.2273552963394
4.27399999999975,-34.9831670255751
4.27599999999975,-35.7236339815486
4.27799999999975,-36.448431370981
4.27999999999975,-37.1572412737821
4.28199999999975,-37.8497527825022
4.28399999999975,-38.5256621387059
4.28599999999975,-39.1846728662105
4.28799999999975,-39.8264959011305
4.28999999999975,-40.45084971867
4.29199999999975,-41.05746045661
4.29399999999975,-41.6460620354321
4.29599999999975,-42.2163962750301
4.29799999999975,-42.768213007957
4.29999999999975,-43.301270189156
4.30199999999975,-43.8153340021296
4.30399999999975,-44.3101789614994
4.30599999999975,-44.7855880119117
4.30799999999975,-45.2413526232445
4.30999999999975,-45.6772728820761
4.31199999999975,-46.0931575793736
4.31399999999975,-46.4888242943637
4.31599999999975,-46.8640994745483
4.31799999999975,-47.2188185118302
4.31999999999975,-47.5528258147165
4.32199999999975,-47.8659748765648
4.32399999999975,-48.158128339847
4.32599999999975,-48.4291580563984
4.32799999999975,-48.6789451436275
4.32999999999975,-48.9073800366625
4.33199999999974,-49.1143625364093
4.33399999999974,-49.2998018535029
4.33599999999974,-49.4636166481298
4.33799999999974,-49.6057350657071
4.33999999999974,-49.7260947683996
4.34199999999974,-49.824642962464
4.34399999999974,-49.9013364214051
4.34599999999974,-49.9561415049373
4.34799999999974,-49.9890341737394
4.34999999999974,-50
4.35199999999974,-49.9890341737451
4.35399999999974,-49.9561415049486
4.35599999999974,-49.9013364214221
4.35799999999974,-49.8246429624865
4.35999999999974,-49.7260947684278
4.36199999999974,-49.6057350657409
4.36399999999974,-49.4636166481693
4.36599999999974,-49.2998018535479
4.36799999999974,-49.1143625364599
4.36999999999974,-48.9073800367186
4.37199999999974,-48.6789451436891
4.37399999999974,-48.4291580564654
4.37599999999974,-48.1581283399196
4.37799999999974,-47.8659748766429
4.37999999999974,-47.5528258147999
4.38199999999974,-47.218818511919
4.38399999999974,-46.8640994746423
4.38599999999974,-46.488824294463
4.38799999999974,-46.0931575794781
4.38999999999974,-45.6772728821859
4.39199999999974,-45.2413526233595
4.39399999999974,-44.7855880120318
4.39599999999974,-44.3101789616245
4.39799999999974,-43.8153340022595
4.39999999999974,-43.3012701892908
4.40199999999974,-42.7682130080967
4.40399999999974,-42.2163962751748
4.40599999999974,-41.6460620355815
4.40799999999974,-41.0574604567641
4.40999999999974,-40.4508497188287
4.41199999999974,-39.8264959012935
4.41399999999974,-39.184672866378
4.41599999999974,-38.5256621388778
4.41799999999974,-37.8497527826786
4.41999999999974,-37.1572412739628
4.42199999999974,-36.4484313711658
4.42399999999973,-35.7236339817376
4.42599999999973,-34.9831670257678
4.42799999999973,-34.227355296536
4.42999999999973,-33.4565303180465
4.43199999999973,-32.6710301996111
4.43399999999973,-31.8711994875423
4.43599999999973,-31.0573890140252
4.43799999999973,-30.2299557432303
4.43999999999973,-29.389262614737
4.44199999999973,-28.5356783843367
4.44399999999973,-27.669577462284
4.44599999999973,-26.7913397490686
4.44799999999973,-25.9013504687768
4.44999999999973,-25.0000000001219
4.45199999999973,-24.0876837052092
4.45399999999973,-23.1648017561179
4.45599999999973,-22.2317589593726
4.45799999999973,-21.2889645783812
4.45999999999973,-20.3368321539192
4.46199999999973,-19.3757793227356
4.46399999999973,-18.4062276343655
4.46599999999973,-17.4286023662235
4.46799999999973,-16.443332337063
4.46999999999973,-15.4508497188822
4.47199999999973,-14.4515898473593
4.47399999999973,-13.4459910309003
4.47599999999973,-12.4344943583806
4.47799999999973,-11.4175435056714
4.47999999999973,-10.3955845410273
4.48199999999973,-9.36906572942621
4.48399999999973,-8.33843733594568
4.48599999999973,-7.30415142826168
4.48799999999973,-6.26666167835714
4.48999999999973,-5.22642316352501
4.49199999999973,-4.18389216675846
4.49399999999973,-3.13952597660863
4.49599999999973,-2.09378268660317
4.49799999999973,-1.0471209943112
4.49999999999973,-1.43443845449536e-10
4.50199999999973,1.04712099402402
4.50399999999973,2.09378268631618
4.50599999999973,3.13952597632196
4.50799999999973,4.18389216647222
4.50999999999973,5.22642316323934
4.51199999999973,6.26666167807216
4.51399999999972,7.30415142797787
4.51599999999972,8.33843733566246
4.51799999999972,9.36906572914405
4.51999999999972,10.3955845407463
4.52199999999972,11.4175435053917
4.52399999999972,12.4344943581024
4.52599999999972,13.4459910306236
4.52799999999972,14.4515898470847
4.52999999999972,15.450849718609
4.53199999999972,16.4433323367917
4.53399999999972,17.4286023659543
4.53599999999972,18.4062276340984
4.53799999999972,19.3757793224708
4.53999999999972,20.3368321536568
4.54199999999972,21.2889645781216
4.54399999999972,22.2317589591153
4.54599999999972,23.1648017558634
4.54799999999972,24.0876837049574
4.54999999999972,24.9999999998731
4.55199999999972,25.9013504685311
4.55399999999972,26.791339748826
4.55599999999972,27.669577462045
4.55799999999972,28.5356783841008
4.55999999999972,29.3892626145046
4.56199999999972,30.2299557430015
4.56399999999972,31.0573890138001
4.56599999999972,31.8711994873209
4.56799999999972,32.6710301993937
4.56999999999972,33.4565303178333
4.57199999999972,34.2273552963266
4.57399999999972,34.9831670255625
4.57599999999972,35.7236339815366
4.57799999999972,36.4484313709692
4.57999999999972,37.1572412737706
4.58199999999972,37.849752782491
4.58399999999972,38.5256621386949
4.58599999999972,39.1846728661996
4.58799999999972,39.8264959011198
4.58999999999972,40.4508497186599
4.59199999999972,41.0574604566002
4.59399999999972,41.6460620354225
4.59599999999972,42.2163962750209
4.59799999999972,42.7682130079481
4.59999999999972,43.3012701891472
4.60199999999972,43.8153340021211
4.60399999999971,44.3101789614914
4.60599999999971,44.7855880119041
4.60799999999971,45.2413526232372
4.60999999999971,45.6772728820691
4.61199999999971,46.0931575793669
4.61399999999971,46.4888242943574
4.61599999999971,46.8640994745421
4.61799999999971,47.2188185118246
4.61999999999971,47.5528258147112
4.62199999999971,47.8659748765598
4.62399999999971,48.1581283398424
4.62599999999971,48.4291580563941
4.62799999999971,48.6789451436236
4.62999999999971,48.9073800366588
4.63199999999971,49.1143625364061
4.63399999999971,49.2998018535
4.63599999999971,49.4636166481273
4.63799999999971,49.6057350657049
4.63999999999971,49.7260947683978
4.64199999999971,49.8246429624625
4.64399999999971,49.901336421404
4.64599999999971,49.9561415049365
4.64799999999971,49.9890341737391
4.64999999999971,50
4.65199999999971,49.9890341737455
4.65399999999971,49.9561415049493
4.65599999999971,49.9013364214231
4.65799999999971,49.824642962488
4.65999999999971,49.7260947684297
4.66199999999971,49.6057350657431
4.66399999999971,49.4636166481718
4.66599999999971,49.2998018535508
4.66799999999971,49.1143625364631
4.66999999999971,48.9073800367221
4.67199999999971,48.6789451436931
4.67399999999971,48.4291580564698
4.67599999999971,48.1581283399243
4.67799999999971,47.8659748766478
4.67999999999971,47.5528258148052
4.68199999999971,47.2188185119247
4.68399999999971,46.8640994746483
4.68599999999971,46.4888242944694
4.68799999999971,46.0931575794849
4.68999999999971,45.6772728821929
4.69199999999971,45.2413526233668
4.69399999999971,44.7855880120394
4.6959999999997,44.3101789616325
4.6979999999997,43.8153340022678
4.6999999999997,43.3012701892996
4.7019999999997,42.7682130081058
4.7039999999997,42.216396275184
4.7059999999997,41.646062035591
4.7079999999997,41.057460456774
4.7099999999997,40.4508497188388
4.7119999999997,39.8264959013039
4.7139999999997,39.184672866389
4.7159999999997,38.525662138889
4.7179999999997,37.8497527826899
4.7199999999997,37.1572412739743
4.7219999999997,36.4484313711776
4.7239999999997,35.7236339817496
4.7259999999997,34.9831670257801
4.7279999999997,34.2273552965488
4.7299999999997,33.4565303180596
4.7319999999997,32.6710301996241
4.7339999999997,31.8711994875555
4.7359999999997,31.0573890140387
4.7379999999997,30.229955743244
4.7399999999997,29.3892626147509
4.7419999999997,28.5356783843511
4.7439999999997,27.6695774622986
4.7459999999997,26.7913397490831
4.7479999999997,25.9013504687916
4.7499999999997,25.0000000001368
4.7519999999997,24.0876837052243
4.7539999999997,23.1648017561332
4.7559999999997,22.2317589593884
4.7579999999997,21.2889645783971
4.7599999999997,20.336832153935
4.7619999999997,19.3757793227515
4.7639999999997,18.4062276343815
4.7659999999997,17.4286023662397
4.7679999999997,16.4433323370793
4.7699999999997,15.4508497188989
4.7719999999997,14.4515898473762
4.7739999999997,13.4459910309169
4.7759999999997,12.4344943583973
4.7779999999997,11.4175435056882
4.7799999999997,10.3955845410442
4.7819999999997,9.36906572944314
4.7839999999997,8.33843733596303
4.78599999999969,7.30415142827909
4.78799999999969,6.26666167837424
4.78999999999969,5.22642316354215
4.79199999999969,4.18389216677563
4.79399999999969,3.13952597662584
4.79599999999969,2.09378268662039
4.79799999999969,1.04712099432878
4.79999999999969,1.61035901393594e-10
4.80199999999969,-1.04712099400678
4.80399999999969,-2.09378268629896
4.80599999999969,-3.13952597630476
4.80799999999969,-4.18389216645504
4.80999999999969,-5.2264231632222
4.81199999999969,-6.2666616780547
4.81399999999969,-7.30415142796047
4.81599999999969,-8.33843733564547
4.81799999999969,-9.36906572912712
4.81999999999969,-10.3955845407295
4.82199999999969,-11.417543505375
4.82399999999969,-12.4344943580857
4.82599999999969,-13.4459910306067
4.82799999999969,-14.4515898470679
4.82999999999969,-15.4508497185926
4.83199999999969,-16.4433323367754
4.83399999999969,-17.4286023659381
4.83599999999969,-18.4062276340824
4.83799999999969,-19.3757793224549
4.83999999999969,-20.3368321536411
4.84199999999969,-21.2889645781057
4.84399999999969,-22.2317589590999
4.84599999999969,-23.1648017558481
4.84799999999969,-24.0876837049423
4.84999999999969,-24.9999999998582
4.85199999999969,-25.9013504685164
4.85399999999969,-26.7913397488115
4.85599999999969,-27.6695774620304
4.85799999999969,-28.5356783840866
4.85999999999969,-29.3892626144906
4.86199999999969,-30.2299557429877
4.86399999999969,-31.0573890137866
4.86599999999969,-31.8711994873077
4.86799999999969,-32.6710301993806
4.86999999999969,-33.4565303178202
4.87199999999969,-34.227355296314
4.87399999999969,-34.9831670255502
4.87599999999969,-35.7236339815245
4.87799999999968,-36.4484313709574
4.87999999999968,-37.157241273759
4.88199999999968,-37.8497527824797
4.88399999999968,-38.5256621386837
4.88599999999968,-39.1846728661889
4.88799999999968,-39.8264959011094
4.88999999999968,-40.4508497186497
4.89199999999968,-41.0574604565904
4.89399999999968,-41.646062035413
4.89599999999968,-42.2163962750116
4.89799999999968,-42.768213007939
4.89999999999968,-43.3012701891385
4.90199999999968,-43.8153340021128
4.90399999999968,-44.3101789614834
4.90599999999968,-44.7855880118964
4.90799999999968,-45.2413526232299
4.90999999999968,-45.6772728820621
4.91199999999968,-46.0931575793601
4.91399999999968,-46.4888242943509
4.91599999999968,-46.8640994745361
4.91799999999968,-47.2188185118189
4.91999999999968,-47.5528258147058
4.92199999999968,-47.8659748765549
4.92399999999968,-48.1581283398378
4.92599999999968,-48.4291580563897
4.92799999999968,-48.6789451436196
4.92999999999968,-48.9073800366553
4.93199999999968,-49.1143625364029
4.93399999999968,-49.2998018534971
4.93599999999968,-49.4636166481248
4.93799999999968,-49.6057350657027
4.93999999999968,-49.726094768396
4.94199999999968,-49.8246429624611
4.94399999999968,-49.9013364214029
4.94599999999968,-49.9561415049358
4.94799999999968,-49.9890341737387
4.94999999999968,-50
4.95199999999968,-49.9890341737458
4.95399999999968,-49.95614150495
4.95599999999968,-49.9013364214243
4.95799999999968,-49.8246429624894
4.95999999999968,-49.7260947684315
4.96199999999968,-49.6057350657452
4.96399999999968,-49.4636166481743
4.96599999999968,-49.2998018535537
4.96799999999967,-49.1143625364664
4.96999999999967,-48.9073800367258
4.97199999999967,-48.678945143697
4.97399999999967,-48.4291580564741
4.97599999999967,-48.1581283399289
4.97799999999967,-47.8659748766528
4.97999999999967,-47.5528258148106
4.98199999999967,-47.2188185119305
4.98399999999967,-46.8640994746544
4.98599999999967,-46.4888242944758
4.98799999999967,-46.0931575794916
4.98999999999967,-45.6772728821999
4.99199999999967,-45.2413526233742
4.99399999999967,-44.7855880120471
4.99599999999967,-44.3101789616406
4.99799999999967,-43.8153340022763
4.99999999999967,-43.3012701893082
5.00199999999967,-42.7682130081147
